EmployeeID,Age,Gender,Department,JobRole,MonthlyIncome,YearsAtCompany,TotalWorkingYears,JobSatisfaction,Attrition,Education,MaritalStatus,HireDate
1,38,Female,Sales,Manager,68347,2,11,2,No,Diploma,Single,13-03-2022
2,33,Male,IT,Specialist,28372,0,8,3,No,Master,Divorced,02-11-2018
3,37,Female,Finance,Analyst,139769,0,0,1,No,MBA,Single,02-04-2017
4,27,Male,HR,Engineer,30210,3,3,4,No,Bachelor,Married,02-11-2024
5,36,Male,Finance,Executive,65123,6,9,4,No,Master,Married,10-09-2018
6,52,Male,Finance,Manager,58411,0,4,1,No,Master,Single,06-09-2025
7,53,Male,Sales,Engineer,34082,7,27,1,No,Diploma,Divorced,31-01-2025
8,41,Male,IT,Executive,79609,4,19,4,No,Master,Single,05-02-2016
9,35,Male,Finance,Engineer,42822,1,2,1,No,Diploma,Married,06-07-2016
10,50,Female,Finance,Specialist,84645,1,21,4,No,Diploma,Single,17-05-2016
11,34,Male,R&D,Executive,32267,6,12,2,Yes,PhD,Single,27-03-2020
12,56,Female,IT,Engineer,98163,6,7,1,Yes,PhD,Divorced,10-03-2017
13,27,Female,Sales,Executive,108809,2,4,1,No,Master,Divorced,23-02-2018
14,23,Male,Sales,Analyst,137287,2,2,4,No,Diploma,Divorced,08-01-2016
15,21,Male,Finance,Executive,59766,0,0,2,Yes,Master,Divorced,11-05-2017
16,38,Female,HR,Engineer,87496,3,4,1,No,Bachelor,Married,11-06-2016
17,26,Male,HR,Engineer,57447,0,3,4,No,Master,Single,17-12-2017
18,49,Male,Finance,Manager,147314,20,21,4,No,Diploma,Married,30-12-2023
19,28,Female,Sales,Specialist,106900,0,2,1,No,Diploma,Married,19-02-2021
20,53,Male,IT,Engineer,51301,8,9,2,Yes,PhD,Married,18-12-2015
21,49,Female,HR,Manager,134638,5,7,2,Yes,Master,Married,10-09-2015
22,27,Female,R&D,Analyst,59452,2,2,4,No,Bachelor,Married,13-01-2017
23,43,Female,R&D,Manager,132952,1,1,2,No,MBA,Divorced,27-04-2021
24,58,Female,R&D,Specialist,125073,2,18,4,No,PhD,Divorced,25-01-2023
25,59,Male,R&D,Engineer,145418,2,36,1,No,Bachelor,Single,12-01-2016
26,51,Female,IT,Specialist,146506,17,20,3,No,Bachelor,Divorced,24-02-2016
27,29,Male,IT,Analyst,26185,1,6,2,No,Bachelor,Single,18-08-2023
28,53,Female,HR,Analyst,59939,8,10,3,No,Bachelor,Married,14-09-2024
29,22,Female,Finance,Analyst,102912,0,0,1,No,Master,Divorced,02-01-2019
30,22,Male,HR,Analyst,49146,0,1,4,No,Diploma,Divorced,11-05-2015
31,33,Male,IT,Executive,90508,0,9,2,No,Master,Married,14-12-2019
32,42,Male,Finance,Engineer,82781,2,9,2,Yes,Master,Married,07-03-2016
33,57,Male,IT,Specialist,73932,26,28,2,Yes,Bachelor,Married,11-07-2017
34,40,Female,Sales,Executive,35869,3,16,4,No,PhD,Divorced,30-08-2020
35,28,Male,Finance,Manager,124953,1,3,4,Yes,Bachelor,Single,27-06-2022
36,42,Male,HR,Manager,144533,0,4,2,No,Diploma,Divorced,17-06-2015
37,33,Male,Sales,Manager,145747,0,4,4,No,Diploma,Divorced,18-04-2016
38,53,Male,Finance,Specialist,49862,11,23,2,Yes,Master,Divorced,02-07-2023
39,52,Male,R&D,Executive,131820,10,21,1,No,Bachelor,Single,25-09-2023
40,50,Female,HR,Executive,62514,4,28,4,No,Master,Divorced,06-04-2021
41,56,Female,Finance,Executive,104079,3,7,2,No,PhD,Single,20-12-2016
42,31,Male,Finance,Manager,149585,4,5,2,No,PhD,Married,16-05-2017
43,58,Male,HR,Executive,57625,34,36,4,Yes,MBA,Single,18-01-2016
44,54,Female,R&D,Analyst,60763,7,7,4,Yes,MBA,Divorced,04-06-2018
45,37,Male,Sales,Executive,72157,5,6,4,No,PhD,Divorced,21-11-2022
46,34,Male,Sales,Manager,126123,2,2,2,No,Bachelor,Divorced,02-09-2020
47,59,Female,HR,Engineer,112362,0,5,2,Yes,Diploma,Single,04-07-2019
48,48,Male,Sales,Specialist,107276,7,18,3,No,Master,Single,13-03-2023
49,41,Female,Finance,Specialist,121036,4,15,1,No,PhD,Divorced,07-03-2023
50,50,Female,HR,Executive,139244,14,21,4,No,MBA,Divorced,26-05-2023
51,37,Female,HR,Engineer,112015,8,12,4,No,Bachelor,Single,01-12-2021
52,56,Male,Sales,Manager,73548,29,32,4,No,PhD,Divorced,30-05-2015
53,32,Male,Finance,Analyst,92470,0,6,4,No,Bachelor,Divorced,27-01-2021
54,50,Male,HR,Analyst,30683,14,15,3,Yes,Diploma,Single,14-05-2025
55,42,Male,R&D,Analyst,62553,2,3,2,No,Master,Married,11-04-2023
56,23,Male,Finance,Executive,65183,0,2,1,No,Bachelor,Single,30-11-2023
57,48,Female,R&D,Engineer,114615,7,12,3,No,Bachelor,Single,22-07-2023
58,58,Female,R&D,Engineer,56437,6,9,4,No,MBA,Single,12-08-2023
59,59,Female,Sales,Executive,116161,23,32,4,Yes,Master,Divorced,03-08-2017
60,52,Male,HR,Engineer,58801,0,1,2,No,MBA,Married,08-06-2022
61,32,Female,R&D,Manager,33805,2,5,4,No,PhD,Divorced,09-01-2015
62,58,Female,R&D,Engineer,138299,1,1,4,No,Master,Divorced,14-08-2021
63,29,Male,Finance,Engineer,145836,0,3,2,No,Bachelor,Married,22-03-2024
64,59,Male,Sales,Specialist,138468,3,15,2,No,Bachelor,Single,12-01-2022
65,55,Female,R&D,Manager,128200,9,10,3,No,PhD,Married,30-05-2022
66,58,Female,R&D,Engineer,105622,20,31,3,No,Bachelor,Single,28-06-2020
67,51,Male,HR,Analyst,58986,2,16,4,Yes,Bachelor,Married,27-05-2015
68,36,Female,IT,Analyst,122196,7,15,3,No,MBA,Divorced,01-05-2020
69,56,Male,HR,Analyst,34259,0,31,2,No,Master,Married,02-05-2015
70,30,Female,IT,Specialist,128685,1,4,2,No,Bachelor,Married,09-06-2020
71,42,Female,IT,Engineer,122830,4,21,4,No,Diploma,Single,29-04-2024
72,30,Male,IT,Analyst,107840,1,3,4,Yes,Diploma,Divorced,23-07-2018
73,21,Male,R&D,Manager,132218,0,0,4,No,Bachelor,Single,18-11-2019
74,37,Female,Finance,Analyst,87769,1,4,3,No,Master,Divorced,17-06-2017
75,56,Female,Finance,Specialist,88536,20,21,2,No,PhD,Married,24-09-2018
76,55,Female,IT,Engineer,81921,2,21,1,No,Diploma,Married,01-02-2015
77,53,Male,Finance,Engineer,112330,26,28,3,Yes,Bachelor,Single,29-01-2024
78,49,Male,HR,Analyst,31880,17,19,2,No,PhD,Divorced,20-11-2016
79,28,Male,Finance,Engineer,54960,3,7,3,No,PhD,Married,08-12-2020
80,25,Female,IT,Engineer,137019,1,3,2,No,PhD,Married,26-03-2022
81,45,Male,Sales,Specialist,131225,4,11,4,Yes,Master,Married,09-08-2019
82,40,Female,HR,Analyst,64262,0,0,1,Yes,Diploma,Married,19-09-2024
83,44,Female,Sales,Specialist,145415,6,21,1,No,PhD,Married,04-07-2023
84,21,Male,IT,Specialist,81392,0,0,3,Yes,MBA,Divorced,28-09-2015
85,39,Male,R&D,Analyst,89606,1,10,1,No,Master,Single,03-02-2018
86,54,Male,Finance,Specialist,45734,3,12,2,No,Bachelor,Divorced,05-05-2025
87,39,Female,IT,Manager,118996,2,15,4,No,PhD,Married,12-05-2025
88,31,Male,IT,Manager,89366,9,10,4,No,Bachelor,Married,27-03-2022
89,48,Male,Finance,Analyst,106829,0,3,4,No,Master,Single,08-05-2023
90,34,Female,Sales,Specialist,100747,8,10,1,No,Diploma,Single,17-10-2023
91,28,Male,IT,Analyst,81729,4,4,4,No,Diploma,Single,25-05-2024
92,43,Male,HR,Engineer,37832,0,11,1,No,Diploma,Single,25-12-2018
93,57,Female,Sales,Executive,88623,0,0,4,No,MBA,Divorced,15-06-2022
94,52,Male,R&D,Specialist,78251,3,7,2,No,Diploma,Single,04-03-2017
95,57,Male,IT,Engineer,135025,2,5,2,No,Diploma,Married,05-10-2015
96,27,Female,IT,Executive,124075,0,2,2,No,Master,Single,27-02-2016
97,38,Female,IT,Analyst,61813,7,10,1,Yes,Bachelor,Married,27-11-2025
98,55,Female,HR,Analyst,64035,3,28,1,Yes,Master,Married,31-07-2025
99,28,Female,HR,Manager,93626,3,4,1,No,Bachelor,Divorced,29-06-2017
100,41,Male,R&D,Analyst,34176,8,12,2,Yes,Master,Divorced,17-10-2016
101,26,Female,Finance,Analyst,118237,0,0,4,No,MBA,Married,16-02-2018
102,28,Female,R&D,Manager,144322,2,2,4,No,MBA,Single,30-08-2019
103,56,Female,HR,Analyst,71615,8,22,4,No,Diploma,Divorced,22-06-2018
104,34,Female,R&D,Analyst,86846,2,13,3,No,Master,Divorced,12-04-2025
105,38,Male,R&D,Specialist,49967,3,4,2,No,Bachelor,Divorced,21-04-2018
106,57,Female,HR,Engineer,80861,2,3,3,No,Diploma,Single,02-12-2024
107,46,Male,HR,Engineer,77349,4,7,3,No,Diploma,Married,16-01-2020
108,34,Female,Finance,Specialist,145651,10,10,3,No,Diploma,Divorced,25-08-2016
109,29,Female,IT,Manager,149206,1,7,3,No,Master,Married,12-05-2023
110,29,Male,Sales,Analyst,103680,5,5,2,Yes,Bachelor,Divorced,23-10-2017
111,30,Male,R&D,Executive,66794,0,0,4,No,PhD,Divorced,15-12-2023
112,32,Male,HR,Manager,67230,5,8,4,No,Master,Divorced,26-09-2021
113,30,Male,Finance,Analyst,25626,6,6,1,No,Diploma,Divorced,16-11-2020
114,42,Male,HR,Specialist,59659,5,11,1,Yes,MBA,Single,16-02-2016
115,46,Female,IT,Manager,39077,8,12,1,Yes,PhD,Divorced,19-06-2022
116,39,Male,Finance,Manager,134518,5,8,2,No,MBA,Divorced,15-06-2017
117,40,Male,R&D,Analyst,126075,0,3,4,No,Bachelor,Divorced,25-03-2016
118,30,Female,HR,Analyst,98930,0,5,4,Yes,Diploma,Single,15-11-2015
119,49,Female,Sales,Specialist,95425,6,8,3,No,Diploma,Single,15-08-2020
120,35,Female,Sales,Analyst,52994,1,7,4,No,MBA,Married,26-01-2019
121,27,Female,R&D,Engineer,127776,0,0,3,No,Bachelor,Married,11-12-2017
122,23,Female,IT,Manager,100735,2,2,4,No,PhD,Married,28-01-2018
123,33,Female,IT,Specialist,68049,0,0,3,No,Bachelor,Divorced,19-04-2019
124,33,Female,R&D,Executive,61425,5,12,2,No,Diploma,Married,21-08-2016
125,30,Female,Finance,Executive,130305,1,3,2,No,Bachelor,Divorced,10-06-2022
126,57,Female,Finance,Specialist,120810,1,3,2,No,Bachelor,Single,24-11-2022
127,38,Female,Finance,Specialist,98609,1,1,2,No,Master,Divorced,17-12-2021
128,51,Female,HR,Manager,130539,5,17,1,No,MBA,Divorced,22-06-2022
129,39,Female,Finance,Analyst,133014,8,14,4,Yes,PhD,Married,10-04-2022
130,41,Female,R&D,Specialist,93692,1,3,4,No,Diploma,Divorced,23-03-2016
131,32,Male,Sales,Executive,84575,9,9,3,No,Bachelor,Divorced,18-09-2019
132,59,Male,IT,Specialist,59426,21,30,2,No,Bachelor,Divorced,10-11-2017
133,51,Male,Sales,Analyst,35264,13,26,3,No,Diploma,Married,02-10-2024
134,30,Female,R&D,Executive,137542,2,6,3,No,Diploma,Single,12-04-2022
135,52,Female,HR,Manager,80514,5,12,1,No,Master,Married,03-01-2024
136,40,Female,IT,Executive,37741,2,8,1,Yes,Diploma,Divorced,26-08-2025
137,56,Female,R&D,Engineer,103483,0,10,1,Yes,Diploma,Married,18-07-2024
138,22,Male,IT,Analyst,143495,0,0,3,Yes,PhD,Married,20-03-2015
139,41,Female,Sales,Specialist,120536,3,8,4,No,MBA,Married,12-12-2019
140,37,Male,R&D,Manager,64480,0,7,1,Yes,PhD,Divorced,14-06-2020
141,37,Male,IT,Analyst,44048,5,8,4,No,Master,Married,04-03-2022
142,54,Female,HR,Specialist,126615,5,32,3,No,Diploma,Divorced,16-12-2023
143,51,Female,Sales,Specialist,51694,0,15,1,Yes,PhD,Single,23-07-2020
144,32,Female,R&D,Specialist,45407,5,8,1,No,Master,Married,12-01-2018
145,41,Male,Sales,Manager,44637,1,2,3,No,PhD,Divorced,24-12-2019
146,41,Male,HR,Specialist,51643,2,16,2,No,Diploma,Single,23-01-2016
147,56,Male,HR,Analyst,107425,3,17,1,No,MBA,Single,10-05-2017
148,56,Male,R&D,Engineer,28144,13,14,4,No,Master,Married,08-10-2024
149,36,Female,Sales,Executive,146533,7,7,1,No,MBA,Divorced,25-04-2025
150,59,Male,IT,Engineer,62207,9,31,3,No,Diploma,Divorced,17-08-2021
151,53,Female,IT,Engineer,43931,10,11,4,No,Master,Single,01-10-2020
152,43,Male,Finance,Specialist,99293,1,6,4,No,Diploma,Married,29-06-2017
153,44,Female,Finance,Engineer,107940,0,1,4,No,Bachelor,Single,27-05-2021
154,43,Male,HR,Manager,55393,1,1,2,No,MBA,Divorced,29-09-2021
155,45,Female,HR,Engineer,147510,17,23,4,No,Diploma,Single,05-02-2022
156,26,Female,Sales,Executive,49814,2,5,2,No,Bachelor,Single,06-11-2020
157,50,Female,Finance,Engineer,54049,17,24,3,No,PhD,Married,12-09-2020
158,42,Male,IT,Executive,144468,6,11,4,No,Master,Single,16-03-2023
159,21,Female,HR,Manager,39620,0,0,4,Yes,PhD,Single,02-12-2019
160,60,Female,Finance,Manager,39056,8,35,4,No,PhD,Single,07-03-2021
161,56,Male,R&D,Manager,40480,7,11,4,No,Master,Married,04-10-2022
162,53,Female,IT,Engineer,27745,1,2,2,No,Diploma,Married,10-11-2021
163,57,Female,Sales,Specialist,51639,30,30,4,No,MBA,Single,06-06-2024
164,22,Male,HR,Engineer,29607,0,0,3,No,PhD,Single,23-11-2021
165,50,Female,Sales,Analyst,92618,0,2,2,No,MBA,Divorced,18-01-2020
166,37,Male,Finance,Engineer,94216,1,6,2,No,Master,Divorced,26-11-2023
167,27,Male,Finance,Specialist,119261,0,0,3,No,Master,Single,12-02-2016
168,55,Female,IT,Analyst,52331,1,2,2,No,Bachelor,Divorced,22-12-2024
169,48,Female,Finance,Engineer,62131,1,3,2,No,Bachelor,Divorced,20-07-2015
170,47,Female,HR,Analyst,135568,7,13,4,No,Diploma,Married,13-12-2015
171,24,Female,R&D,Analyst,114945,0,3,3,No,MBA,Single,15-09-2015
172,45,Female,R&D,Manager,32971,1,17,2,No,PhD,Divorced,25-08-2018
173,25,Female,R&D,Specialist,148751,3,4,3,No,Diploma,Married,11-07-2020
174,48,Female,IT,Analyst,95778,20,21,3,No,PhD,Married,02-08-2020
175,27,Female,Sales,Specialist,50348,0,0,1,No,MBA,Single,07-05-2015
176,46,Female,Finance,Specialist,106451,7,15,3,No,MBA,Divorced,16-07-2022
177,58,Male,HR,Analyst,92421,26,33,4,Yes,Master,Single,25-06-2017
178,42,Male,Sales,Manager,28774,4,5,3,No,Bachelor,Single,09-02-2024
179,50,Female,HR,Analyst,142237,25,27,2,No,Master,Single,08-10-2022
180,27,Female,HR,Analyst,127152,2,3,3,No,Diploma,Single,17-06-2016
181,30,Female,Finance,Executive,39028,0,3,2,Yes,Diploma,Divorced,05-10-2025
182,45,Female,R&D,Specialist,47422,11,19,3,No,MBA,Married,18-07-2022
183,41,Male,Sales,Engineer,89294,1,2,4,No,Diploma,Single,13-09-2024
184,44,Female,R&D,Specialist,29884,4,17,3,No,Master,Single,03-03-2015
185,34,Male,IT,Engineer,131662,3,7,1,No,Master,Married,04-07-2019
186,55,Male,R&D,Engineer,66818,1,6,3,Yes,MBA,Single,28-07-2021
187,38,Male,Sales,Specialist,143441,10,13,1,No,Diploma,Divorced,26-01-2021
188,54,Male,R&D,Engineer,75484,1,1,3,Yes,PhD,Single,10-02-2018
189,45,Male,Finance,Engineer,37121,11,21,3,No,PhD,Single,20-06-2016
190,23,Female,R&D,Executive,39101,2,2,1,No,PhD,Single,24-05-2016
191,31,Male,IT,Executive,60256,2,2,2,No,Master,Divorced,29-09-2018
192,24,Female,IT,Manager,89848,1,1,2,No,MBA,Divorced,06-06-2017
193,46,Male,HR,Analyst,83096,5,14,3,No,Bachelor,Divorced,24-12-2022
194,54,Female,HR,Analyst,144951,18,25,4,No,PhD,Married,27-12-2020
195,54,Female,Finance,Engineer,99677,18,20,4,No,MBA,Married,28-07-2017
196,21,Male,Finance,Specialist,93561,0,0,2,No,Master,Divorced,17-08-2020
197,57,Female,Finance,Executive,107568,25,35,2,No,Diploma,Divorced,24-11-2018
198,26,Male,HR,Engineer,78998,3,3,2,No,Master,Married,22-05-2018
199,60,Male,HR,Engineer,37850,3,6,4,No,PhD,Single,17-09-2018
200,35,Female,Sales,Specialist,84879,5,10,2,No,Diploma,Married,30-10-2015
201,52,Male,Sales,Manager,130641,4,23,2,No,MBA,Married,20-11-2019
202,48,Male,R&D,Analyst,104154,7,11,2,No,Master,Married,10-05-2019
203,28,Female,Finance,Analyst,142270,2,5,2,No,MBA,Married,19-12-2020
204,42,Male,Sales,Specialist,103803,8,10,3,No,MBA,Married,11-01-2018
205,24,Female,Sales,Analyst,46548,0,1,1,No,Diploma,Married,09-10-2024
206,60,Male,HR,Specialist,43528,8,9,4,No,PhD,Single,22-01-2016
207,53,Female,Finance,Specialist,73388,9,16,4,No,Master,Married,11-02-2025
208,27,Female,IT,Engineer,92774,0,2,3,No,PhD,Married,14-12-2018
209,55,Male,Finance,Executive,46660,1,3,1,No,Bachelor,Single,08-02-2016
210,33,Female,IT,Manager,71244,6,6,4,No,PhD,Married,01-01-2018
211,23,Female,R&D,Analyst,59019,1,1,1,No,Master,Single,13-03-2024
212,50,Male,HR,Analyst,83676,2,13,3,No,Bachelor,Married,08-10-2018
213,47,Male,Finance,Manager,136036,2,2,2,No,PhD,Single,13-03-2020
214,48,Male,R&D,Specialist,108039,3,3,3,No,MBA,Divorced,12-09-2015
215,35,Female,HR,Executive,104498,2,10,1,No,Diploma,Divorced,16-04-2025
216,42,Male,HR,Executive,95308,1,2,2,No,Diploma,Single,31-01-2023
217,41,Female,Finance,Specialist,53953,14,17,1,No,PhD,Single,19-10-2016
218,34,Male,HR,Specialist,59968,1,3,2,No,Master,Divorced,06-02-2017
219,40,Female,IT,Analyst,145181,0,0,1,No,Diploma,Single,19-08-2021
220,30,Female,IT,Executive,108166,0,0,2,Yes,MBA,Married,28-10-2021
221,37,Male,R&D,Analyst,122219,5,12,3,No,PhD,Divorced,16-06-2023
222,47,Female,Finance,Executive,144415,19,22,3,No,Bachelor,Single,30-03-2017
223,40,Male,IT,Analyst,49040,1,1,3,No,Master,Married,28-12-2019
224,56,Female,Sales,Specialist,31183,20,25,4,No,Master,Single,04-04-2025
225,30,Female,Finance,Specialist,77465,6,9,4,Yes,MBA,Divorced,18-01-2021
226,25,Female,Sales,Specialist,84480,4,4,2,No,PhD,Single,13-06-2019
227,36,Male,IT,Specialist,89465,9,10,3,No,MBA,Divorced,16-01-2016
228,36,Female,HR,Executive,46051,4,4,3,No,PhD,Single,10-06-2020
229,44,Female,HR,Executive,148140,0,3,3,No,Bachelor,Married,16-05-2017
230,39,Female,HR,Analyst,92096,10,13,2,Yes,Master,Divorced,30-05-2025
231,32,Female,HR,Executive,105280,0,5,3,No,Master,Divorced,10-09-2016
232,49,Female,Finance,Specialist,88136,13,28,3,Yes,Master,Married,10-08-2025
233,42,Male,IT,Specialist,55065,1,3,3,No,MBA,Single,27-10-2016
234,58,Female,R&D,Specialist,28962,23,24,3,No,Master,Single,18-04-2015
235,54,Male,Sales,Engineer,140917,12,18,1,No,Bachelor,Divorced,14-05-2018
236,60,Female,IT,Analyst,37519,16,37,3,No,PhD,Divorced,03-01-2019
237,59,Female,IT,Analyst,107622,10,28,2,No,PhD,Single,13-09-2023
238,52,Male,HR,Engineer,106534,4,11,1,No,MBA,Divorced,02-08-2018
239,42,Female,IT,Manager,69095,8,8,2,Yes,MBA,Married,14-02-2025
240,55,Male,Sales,Executive,37839,1,14,4,No,Master,Divorced,31-08-2025
241,54,Male,R&D,Analyst,98524,3,7,1,No,MBA,Married,13-05-2017
242,30,Female,R&D,Engineer,62883,4,9,4,No,MBA,Divorced,04-09-2017
243,49,Female,R&D,Analyst,65140,7,14,4,No,Master,Divorced,14-04-2018
244,23,Male,IT,Executive,86795,0,0,4,No,Bachelor,Divorced,27-06-2025
245,35,Female,IT,Specialist,116447,2,2,3,No,Diploma,Single,16-02-2015
246,22,Female,HR,Specialist,124039,0,1,3,No,MBA,Divorced,04-07-2021
247,48,Male,HR,Analyst,41290,1,1,3,No,Bachelor,Divorced,06-02-2018
248,37,Male,HR,Specialist,73694,1,16,2,Yes,Master,Married,13-11-2018
249,29,Female,Sales,Engineer,63461,1,7,1,No,Master,Divorced,25-03-2023
250,23,Male,R&D,Analyst,78758,0,0,3,No,Bachelor,Married,21-01-2024
251,36,Female,HR,Analyst,83486,2,9,1,Yes,PhD,Divorced,05-04-2024
252,53,Male,HR,Specialist,79322,12,13,1,Yes,MBA,Married,13-03-2019
253,47,Male,R&D,Analyst,132422,2,23,1,Yes,Master,Married,18-05-2018
254,57,Male,R&D,Manager,88965,14,18,4,No,PhD,Divorced,20-02-2018
255,36,Female,Sales,Analyst,116870,1,3,2,No,PhD,Single,10-04-2017
256,35,Male,R&D,Engineer,35492,1,6,4,No,Bachelor,Married,30-06-2018
257,31,Female,Finance,Manager,57562,0,0,4,No,PhD,Married,04-09-2015
258,39,Male,IT,Analyst,123755,8,11,4,No,Bachelor,Single,03-03-2023
259,44,Male,Finance,Executive,116020,1,1,1,No,Diploma,Divorced,13-01-2019
260,25,Female,Finance,Engineer,130892,0,0,4,No,Master,Single,24-05-2015
261,44,Male,IT,Engineer,85464,4,7,2,No,PhD,Married,20-01-2019
262,38,Female,HR,Executive,125097,6,9,4,No,Master,Divorced,28-02-2023
263,32,Male,Sales,Executive,102807,1,2,3,Yes,PhD,Married,07-06-2021
264,53,Female,R&D,Executive,108232,6,7,4,No,Master,Divorced,04-04-2021
265,35,Female,Finance,Specialist,106667,0,1,4,No,Master,Single,18-05-2025
266,42,Male,HR,Executive,132092,12,12,3,No,Master,Single,08-11-2015
267,24,Female,Sales,Specialist,56458,0,1,3,No,Master,Divorced,20-07-2024
268,55,Female,Finance,Executive,97193,11,19,4,No,Master,Single,30-08-2019
269,28,Male,Sales,Specialist,33406,3,3,4,Yes,Master,Single,02-04-2015
270,31,Male,HR,Executive,86993,0,1,4,No,Bachelor,Single,02-02-2023
271,33,Male,IT,Specialist,40476,1,12,2,No,MBA,Married,10-05-2015
272,40,Male,HR,Specialist,102178,0,19,1,Yes,Master,Single,31-01-2024
273,58,Female,R&D,Specialist,136235,27,32,3,No,Bachelor,Married,30-10-2016
274,60,Male,IT,Manager,116024,2,2,4,No,MBA,Divorced,18-05-2020
275,26,Female,Sales,Specialist,149569,0,0,2,No,PhD,Divorced,11-06-2019
276,57,Female,Finance,Specialist,132193,8,18,3,No,Bachelor,Married,11-02-2023
277,45,Male,Sales,Manager,93740,10,19,3,No,PhD,Single,20-07-2018
278,54,Male,Finance,Executive,36658,1,30,3,No,Diploma,Single,23-02-2024
279,51,Male,IT,Executive,100828,3,26,4,No,PhD,Married,15-11-2022
280,33,Female,Finance,Analyst,108772,2,5,1,No,Master,Divorced,19-07-2019
281,22,Female,HR,Executive,147533,1,1,3,No,Diploma,Married,01-08-2018
282,28,Male,R&D,Specialist,97643,0,1,1,Yes,Master,Married,19-10-2024
283,42,Male,R&D,Manager,103955,10,16,4,Yes,Master,Divorced,16-04-2020
284,57,Male,Finance,Engineer,74537,8,17,1,No,Bachelor,Married,16-04-2024
285,28,Male,R&D,Specialist,82928,1,5,1,No,MBA,Divorced,02-01-2016
286,46,Female,R&D,Executive,83917,3,15,1,No,Master,Married,12-07-2021
287,57,Male,Sales,Executive,119834,10,29,1,No,Bachelor,Single,29-04-2021
288,44,Male,HR,Specialist,98968,20,20,2,No,MBA,Married,18-04-2017
289,25,Female,Finance,Manager,148410,1,3,3,No,Bachelor,Married,18-02-2019
290,37,Male,HR,Analyst,55903,0,0,4,Yes,Bachelor,Single,14-01-2024
291,32,Female,IT,Specialist,94942,3,5,2,No,MBA,Married,01-12-2015
292,60,Female,Finance,Engineer,106536,31,36,3,No,Master,Single,01-07-2017
293,52,Male,Finance,Analyst,47709,23,30,1,No,Bachelor,Single,10-11-2019
294,42,Female,Finance,Executive,117747,6,14,4,No,PhD,Single,02-06-2022
295,52,Male,HR,Manager,116662,23,23,1,No,Master,Divorced,06-08-2023
296,48,Male,IT,Analyst,31277,18,20,2,No,Diploma,Married,13-06-2016
297,56,Male,R&D,Specialist,44622,9,29,3,No,MBA,Single,28-05-2019
298,57,Male,IT,Analyst,141907,10,11,4,No,Master,Single,07-04-2019
299,60,Female,Finance,Executive,101706,1,12,3,No,Diploma,Married,01-04-2022
300,43,Female,Finance,Executive,48560,2,18,2,No,Master,Single,12-11-2019
301,50,Male,HR,Manager,64080,1,13,4,No,Diploma,Married,05-07-2016
302,38,Female,HR,Specialist,107470,4,13,3,No,Master,Married,07-05-2024
303,50,Male,HR,Manager,34836,27,27,1,No,Master,Single,22-12-2020
304,43,Female,IT,Analyst,38409,2,5,2,No,Bachelor,Divorced,25-10-2023
305,50,Female,HR,Manager,32858,3,4,4,No,MBA,Married,18-03-2016
306,29,Male,HR,Manager,86801,2,2,4,No,Diploma,Married,16-09-2020
307,46,Male,Sales,Executive,105023,4,4,1,No,PhD,Divorced,14-09-2016
308,25,Female,Finance,Analyst,135071,1,1,4,No,Master,Divorced,30-05-2018
309,45,Female,R&D,Analyst,81064,1,7,3,No,Master,Divorced,25-01-2015
310,42,Female,Sales,Engineer,27916,7,21,3,No,PhD,Divorced,04-08-2019
311,51,Male,R&D,Executive,84935,14,16,3,No,Master,Divorced,27-02-2018
312,27,Female,IT,Specialist,65501,0,1,3,No,MBA,Divorced,13-12-2023
313,24,Female,Finance,Executive,89374,0,3,3,Yes,Bachelor,Divorced,14-03-2018
314,32,Male,HR,Executive,59953,1,5,2,No,PhD,Divorced,13-10-2024
315,48,Female,Finance,Specialist,59383,0,20,2,No,Master,Divorced,31-05-2022
316,48,Male,Sales,Engineer,45524,0,23,4,No,Bachelor,Married,13-07-2019
317,50,Male,Finance,Manager,26805,12,21,4,No,Bachelor,Single,18-02-2024
318,55,Female,Finance,Analyst,29991,14,24,2,No,PhD,Divorced,29-07-2018
319,60,Male,R&D,Executive,27828,12,21,2,Yes,Master,Married,09-07-2024
320,59,Male,Finance,Executive,148138,3,11,4,No,PhD,Single,15-06-2024
321,35,Female,Finance,Specialist,109065,0,0,1,No,Diploma,Single,26-01-2019
322,38,Female,R&D,Executive,62158,1,13,2,Yes,Diploma,Married,20-01-2025
323,41,Female,R&D,Manager,88712,9,15,2,No,Master,Married,11-06-2021
324,27,Male,Sales,Executive,149513,2,4,2,Yes,Diploma,Divorced,10-05-2015
325,21,Male,Sales,Specialist,148514,0,0,3,No,Bachelor,Single,03-12-2015
326,26,Female,Finance,Executive,146635,1,1,3,No,Master,Married,11-12-2018
327,29,Male,Finance,Manager,39864,0,0,3,Yes,MBA,Divorced,04-03-2017
328,27,Female,HR,Engineer,134282,1,1,4,No,Diploma,Married,01-11-2021
329,27,Female,Sales,Engineer,146703,2,6,2,No,Bachelor,Married,10-02-2019
330,56,Female,Finance,Executive,57830,17,25,2,No,Diploma,Divorced,26-11-2016
331,43,Male,IT,Analyst,79200,0,0,1,No,MBA,Single,23-03-2015
332,33,Male,HR,Manager,27360,4,10,1,Yes,Master,Single,13-11-2023
333,59,Female,Finance,Executive,116293,5,5,3,No,Diploma,Married,01-06-2017
334,34,Male,Finance,Executive,97488,5,6,4,No,MBA,Divorced,04-01-2017
335,59,Female,Finance,Specialist,58658,6,9,1,Yes,Master,Single,15-06-2025
336,52,Male,Sales,Analyst,98033,0,1,2,No,Diploma,Single,18-01-2021
337,26,Female,Sales,Engineer,120243,0,1,1,No,MBA,Divorced,16-02-2019
338,31,Female,Finance,Analyst,128922,1,1,3,No,Diploma,Divorced,25-06-2024
339,57,Male,Sales,Executive,139765,1,12,3,No,Master,Married,16-04-2018
340,44,Male,R&D,Executive,56924,4,15,4,No,MBA,Single,16-09-2024
341,43,Male,HR,Engineer,131448,0,4,1,No,Diploma,Married,18-07-2023
342,41,Female,Finance,Executive,26886,3,13,2,No,MBA,Single,13-03-2020
343,24,Male,HR,Executive,107286,2,2,2,Yes,MBA,Married,14-03-2024
344,50,Female,HR,Executive,145142,6,19,4,No,Diploma,Married,08-01-2021
345,43,Female,R&D,Engineer,140773,1,2,2,Yes,Bachelor,Divorced,13-11-2022
346,31,Male,R&D,Specialist,101384,7,8,4,No,Diploma,Single,14-09-2019
347,27,Female,HR,Specialist,66651,0,1,2,No,Bachelor,Single,18-09-2017
348,36,Female,Sales,Manager,149347,0,9,3,Yes,Diploma,Divorced,21-11-2022
349,53,Male,Sales,Executive,124375,1,22,2,No,PhD,Married,14-03-2018
350,35,Male,Finance,Engineer,68218,1,11,3,No,Master,Single,08-03-2021
351,57,Male,R&D,Executive,72494,11,12,3,No,Master,Single,20-12-2020
352,54,Female,Finance,Manager,113176,10,16,4,No,Bachelor,Divorced,29-01-2023
353,53,Female,Sales,Specialist,120474,2,5,4,No,MBA,Married,29-08-2022
354,58,Female,Finance,Executive,131118,13,17,4,No,Bachelor,Single,04-03-2021
355,47,Female,IT,Analyst,42590,15,15,2,No,PhD,Single,03-04-2025
356,35,Female,Sales,Specialist,57015,2,7,4,No,Diploma,Divorced,22-12-2019
357,22,Female,R&D,Specialist,130322,0,0,1,No,Bachelor,Single,17-02-2018
358,44,Female,R&D,Analyst,25544,1,9,4,No,MBA,Married,07-04-2017
359,32,Female,HR,Manager,98937,1,5,4,No,PhD,Single,15-01-2023
360,32,Male,Sales,Analyst,120047,4,7,4,No,MBA,Divorced,20-07-2021
361,58,Male,R&D,Specialist,113742,9,34,3,Yes,PhD,Divorced,03-08-2022
362,37,Male,IT,Specialist,110008,5,6,1,No,Bachelor,Divorced,04-12-2017
363,41,Male,Sales,Specialist,90694,10,13,1,Yes,Bachelor,Single,14-11-2023
364,44,Male,Sales,Specialist,34201,7,13,3,No,PhD,Single,01-02-2023
365,52,Female,IT,Engineer,102210,6,9,2,No,MBA,Married,04-02-2022
366,49,Female,HR,Executive,97981,4,27,1,No,Diploma,Single,18-02-2020
367,52,Male,R&D,Manager,55288,0,0,4,No,PhD,Divorced,17-05-2025
368,44,Male,HR,Analyst,129308,5,8,2,No,Master,Married,23-07-2016
369,35,Female,R&D,Engineer,116284,3,14,3,No,Bachelor,Divorced,17-02-2016
370,33,Male,Sales,Executive,101087,3,10,4,No,Diploma,Married,30-06-2023
371,36,Female,HR,Specialist,104916,7,9,3,Yes,Diploma,Married,04-02-2025
372,48,Female,IT,Engineer,43103,4,6,4,No,Bachelor,Divorced,06-08-2018
373,59,Female,Sales,Specialist,26903,3,10,2,No,Diploma,Single,25-03-2024
374,36,Male,HR,Manager,62178,1,5,3,No,Master,Single,10-05-2020
375,34,Male,R&D,Engineer,139851,0,13,1,No,Master,Divorced,12-05-2025
376,56,Female,R&D,Analyst,57303,5,13,4,No,MBA,Married,20-09-2020
377,55,Male,HR,Manager,53669,0,1,3,No,Bachelor,Divorced,21-01-2025
378,36,Male,Finance,Specialist,90887,0,7,3,No,Diploma,Married,03-08-2017
379,31,Male,R&D,Manager,69698,3,4,1,No,PhD,Married,05-07-2015
380,40,Female,HR,Manager,143466,2,17,3,Yes,PhD,Divorced,09-01-2020
381,24,Male,Finance,Specialist,52174,0,0,3,No,Master,Divorced,23-01-2015
382,25,Female,HR,Engineer,39086,4,4,1,No,PhD,Married,12-09-2023
383,26,Female,Finance,Engineer,41392,3,4,3,No,Master,Married,14-03-2017
384,52,Female,R&D,Executive,120051,5,16,2,No,MBA,Single,02-01-2017
385,45,Male,IT,Executive,124471,2,15,4,No,MBA,Married,02-07-2019
386,27,Female,Sales,Analyst,53558,2,2,3,No,Bachelor,Single,23-01-2025
387,42,Male,Sales,Manager,101328,0,0,4,No,Diploma,Single,19-02-2023
388,41,Female,R&D,Specialist,74533,8,12,1,No,MBA,Married,18-10-2025
389,50,Male,IT,Specialist,129718,1,4,2,No,MBA,Married,12-08-2022
390,22,Male,Finance,Analyst,96671,1,1,1,No,PhD,Divorced,25-03-2021
391,30,Female,Finance,Executive,113450,0,0,2,No,Master,Married,15-04-2018
392,24,Male,HR,Engineer,148782,1,3,1,No,Bachelor,Married,14-02-2020
393,45,Male,R&D,Analyst,35139,2,15,3,No,PhD,Divorced,28-07-2025
394,40,Male,Finance,Manager,38179,6,6,4,No,PhD,Married,25-12-2015
395,40,Male,Finance,Analyst,45889,2,5,2,No,Diploma,Divorced,03-12-2018
396,59,Male,Sales,Manager,140803,5,13,4,Yes,Bachelor,Single,15-08-2024
397,33,Female,Finance,Specialist,94228,2,4,4,No,MBA,Single,18-03-2015
398,58,Female,HR,Specialist,148293,1,1,1,No,Bachelor,Single,28-07-2018
399,54,Female,Sales,Executive,85990,1,1,3,No,Bachelor,Married,26-03-2021
400,21,Female,Sales,Engineer,60347,0,0,4,No,Master,Single,07-03-2023
401,50,Male,HR,Executive,49807,4,5,4,No,Master,Single,26-11-2025
402,33,Female,HR,Executive,82167,2,10,4,No,MBA,Single,15-04-2017
403,25,Female,Finance,Analyst,38860,2,3,3,No,Master,Single,31-07-2025
404,22,Female,HR,Specialist,76731,0,0,4,Yes,Diploma,Divorced,05-11-2015
405,40,Male,HR,Engineer,144212,9,16,1,No,Bachelor,Single,16-03-2017
406,59,Male,IT,Specialist,93219,3,16,3,Yes,PhD,Divorced,01-08-2020
407,26,Female,Sales,Executive,37754,0,0,2,Yes,Diploma,Single,20-06-2024
408,32,Male,IT,Executive,26509,2,6,3,No,PhD,Divorced,09-12-2020
409,48,Male,HR,Manager,84986,15,23,4,Yes,Bachelor,Married,06-12-2017
410,41,Male,Sales,Specialist,50928,7,15,2,No,Master,Married,09-10-2020
411,26,Female,R&D,Manager,46647,3,3,3,No,Bachelor,Single,09-09-2024
412,58,Female,Sales,Analyst,51561,11,11,3,No,PhD,Married,13-02-2024
413,45,Female,Finance,Specialist,103839,13,21,3,No,PhD,Divorced,19-10-2024
414,52,Male,Finance,Analyst,38879,14,15,2,Yes,MBA,Divorced,26-05-2023
415,43,Female,R&D,Executive,118505,1,21,1,No,PhD,Married,21-09-2025
416,43,Female,R&D,Executive,113961,0,3,4,Yes,Diploma,Divorced,24-08-2017
417,34,Male,HR,Manager,45082,11,12,2,No,Bachelor,Married,13-09-2020
418,22,Male,IT,Engineer,59953,0,0,4,No,Diploma,Divorced,13-03-2025
419,25,Male,IT,Analyst,110729,0,0,4,No,Bachelor,Divorced,17-11-2020
420,29,Female,R&D,Analyst,57328,1,2,2,No,Bachelor,Married,09-02-2024
421,48,Female,R&D,Specialist,72170,15,23,3,Yes,Diploma,Divorced,10-02-2023
422,55,Female,HR,Executive,122983,10,27,4,No,MBA,Married,27-01-2019
423,33,Female,Sales,Analyst,59926,4,9,1,Yes,Master,Divorced,01-09-2015
424,45,Male,Sales,Analyst,51197,5,10,4,No,Bachelor,Single,08-10-2025
425,28,Female,Sales,Engineer,63963,1,2,4,No,Master,Divorced,27-02-2020
426,28,Male,Finance,Executive,36367,3,6,2,Yes,Master,Married,15-10-2024
427,42,Male,Sales,Analyst,123598,4,21,2,No,MBA,Married,25-12-2020
428,44,Female,Sales,Engineer,29436,14,18,3,No,Bachelor,Divorced,20-05-2022
429,46,Male,R&D,Specialist,134005,11,16,3,No,Diploma,Single,01-06-2020
430,24,Male,Sales,Engineer,55995,2,3,1,No,PhD,Married,09-12-2015
431,45,Male,R&D,Executive,61878,15,16,4,No,MBA,Married,03-11-2021
432,31,Female,HR,Manager,97399,4,6,3,No,MBA,Divorced,23-07-2025
433,45,Female,Finance,Manager,56713,0,2,1,No,Bachelor,Married,11-02-2020
434,51,Male,IT,Executive,143100,2,3,2,No,Master,Single,19-10-2024
435,25,Female,Sales,Engineer,42235,0,1,1,No,Bachelor,Married,17-07-2025
436,46,Male,Sales,Engineer,61811,4,5,4,Yes,MBA,Divorced,25-03-2017
437,58,Female,Finance,Specialist,89721,13,29,1,No,MBA,Married,08-02-2019
438,41,Female,HR,Engineer,32477,0,6,3,No,Bachelor,Single,02-04-2017
439,26,Female,Finance,Specialist,141693,4,4,2,Yes,Bachelor,Married,06-09-2019
440,39,Male,IT,Specialist,56033,6,7,2,No,Diploma,Divorced,02-07-2025
441,25,Female,IT,Specialist,39401,1,1,2,Yes,PhD,Divorced,01-11-2018
442,49,Female,HR,Manager,41509,3,13,3,No,PhD,Divorced,30-12-2019
443,37,Male,Sales,Specialist,51591,13,13,2,No,MBA,Married,27-03-2017
444,55,Male,HR,Executive,102518,0,4,2,No,Bachelor,Single,29-09-2018
445,52,Male,Finance,Specialist,56340,13,27,2,No,MBA,Single,01-05-2025
446,24,Male,R&D,Engineer,35636,0,0,2,No,MBA,Married,26-05-2025
447,41,Female,IT,Executive,129093,3,17,4,Yes,Master,Divorced,24-07-2022
448,29,Male,IT,Manager,62146,0,8,3,No,Master,Single,22-02-2022
449,35,Male,Finance,Engineer,136897,11,14,1,No,Master,Married,25-09-2017
450,52,Female,IT,Specialist,104981,3,17,2,No,PhD,Married,10-03-2017
451,54,Female,Sales,Executive,86727,1,11,2,No,PhD,Single,09-08-2022
452,45,Male,Sales,Manager,128680,5,7,2,No,Diploma,Single,16-04-2023
453,46,Female,Sales,Manager,142630,22,23,1,No,PhD,Married,15-12-2021
454,33,Male,Sales,Engineer,126659,4,6,3,No,Master,Single,16-12-2023
455,47,Male,Finance,Engineer,145968,6,10,1,No,MBA,Single,03-07-2019
456,49,Female,Finance,Manager,132987,1,4,3,Yes,MBA,Married,13-08-2016
457,34,Female,Sales,Executive,96768,9,12,1,No,Bachelor,Married,19-02-2025
458,42,Female,R&D,Executive,29182,1,1,2,No,Bachelor,Married,05-12-2021
459,36,Male,Finance,Specialist,77761,0,8,4,Yes,Master,Married,13-01-2017
460,28,Male,Finance,Manager,26904,1,5,4,No,Diploma,Single,05-12-2023
461,52,Female,R&D,Analyst,49261,7,20,4,Yes,Master,Married,22-01-2019
462,53,Female,HR,Executive,149964,11,24,3,No,MBA,Married,21-07-2021
463,39,Female,R&D,Executive,97361,1,4,3,Yes,Master,Married,01-02-2015
464,60,Male,IT,Manager,84685,7,11,3,No,MBA,Married,08-12-2017
465,38,Male,Finance,Manager,114577,1,1,2,No,PhD,Divorced,07-04-2021
466,56,Female,IT,Executive,116762,0,7,4,No,Master,Divorced,10-08-2015
467,37,Male,HR,Engineer,97825,2,6,1,No,MBA,Married,22-08-2021
468,52,Female,HR,Analyst,105169,4,11,3,Yes,Master,Divorced,30-10-2020
469,59,Female,IT,Executive,91290,12,13,4,No,Master,Divorced,27-02-2020
470,23,Male,R&D,Executive,120386,0,0,3,No,Bachelor,Married,09-07-2017
471,58,Female,IT,Analyst,83406,24,37,4,Yes,Diploma,Married,02-02-2018
472,28,Female,IT,Engineer,116297,0,6,4,No,MBA,Married,21-06-2017
473,32,Male,IT,Executive,137907,8,11,4,Yes,MBA,Married,07-04-2024
474,56,Male,R&D,Analyst,84196,4,25,2,Yes,Diploma,Single,09-08-2020
475,45,Female,R&D,Engineer,46095,7,19,3,No,MBA,Married,03-04-2022
476,48,Female,Sales,Analyst,114880,3,5,1,No,Bachelor,Divorced,02-01-2020
477,39,Female,HR,Engineer,87836,0,0,1,No,Bachelor,Single,03-04-2016
478,50,Male,Sales,Analyst,124846,18,23,3,Yes,MBA,Single,09-11-2023
479,52,Female,HR,Manager,87116,20,22,4,No,Diploma,Single,07-01-2017
480,28,Male,R&D,Engineer,27639,0,3,3,No,Bachelor,Married,15-08-2022
481,24,Male,HR,Engineer,72417,2,3,2,No,PhD,Married,24-09-2015
482,25,Female,Sales,Executive,71379,0,0,3,No,MBA,Single,16-09-2018
483,60,Female,Finance,Specialist,41666,6,18,3,No,Bachelor,Married,12-06-2023
484,44,Male,Finance,Executive,143852,17,23,4,Yes,Diploma,Single,18-01-2025
485,23,Male,R&D,Analyst,51799,0,0,3,No,Master,Single,24-05-2024
486,46,Female,R&D,Specialist,39771,3,8,2,No,Bachelor,Divorced,29-10-2016
487,56,Male,IT,Analyst,80801,0,0,4,No,Diploma,Divorced,13-08-2016
488,52,Female,Finance,Specialist,84264,12,18,4,Yes,PhD,Single,30-06-2023
489,32,Female,Sales,Executive,85687,2,3,4,No,MBA,Married,27-01-2023
490,47,Female,Finance,Analyst,100279,2,5,1,No,MBA,Single,13-06-2018
491,60,Male,IT,Analyst,138539,14,20,2,No,MBA,Married,11-08-2024
492,41,Female,Finance,Analyst,122671,17,20,2,No,PhD,Single,08-12-2017
493,35,Female,HR,Engineer,87744,3,10,4,Yes,Diploma,Single,12-07-2023
494,25,Female,R&D,Executive,43237,0,0,1,No,Master,Single,23-02-2016
495,46,Female,Finance,Engineer,32486,15,22,2,No,PhD,Divorced,21-05-2023
496,46,Female,IT,Specialist,84834,8,23,1,No,Diploma,Married,03-03-2019
497,44,Female,IT,Executive,108469,3,11,2,No,PhD,Married,17-01-2024
498,39,Male,HR,Executive,30166,7,8,2,No,Master,Single,24-10-2016
499,26,Male,Finance,Manager,63498,2,4,1,No,Bachelor,Married,29-06-2021
500,51,Male,Finance,Manager,116585,15,18,1,No,PhD,Single,25-12-2023
501,41,Female,Finance,Analyst,136126,8,11,1,No,Master,Single,27-10-2025
502,37,Male,Sales,Engineer,115775,0,4,2,No,Master,Single,28-04-2017
503,38,Male,IT,Specialist,29946,14,14,1,No,Master,Married,04-04-2018
504,51,Female,Finance,Executive,38093,16,27,2,Yes,PhD,Married,31-03-2017
505,57,Female,IT,Executive,125592,16,30,3,No,Bachelor,Divorced,20-04-2016
506,26,Male,HR,Specialist,42904,1,2,1,No,PhD,Single,13-01-2015
507,22,Male,HR,Engineer,87682,0,0,4,No,Bachelor,Divorced,14-08-2019
508,41,Female,R&D,Specialist,77283,5,5,2,No,Master,Married,11-08-2022
509,32,Male,Finance,Analyst,63985,5,5,1,No,PhD,Married,01-04-2019
510,21,Female,HR,Executive,35009,0,0,3,No,Master,Divorced,31-07-2025
511,53,Female,Finance,Analyst,103668,2,2,3,Yes,PhD,Divorced,08-02-2016
512,21,Male,Finance,Manager,84990,0,0,3,Yes,MBA,Single,20-07-2015
513,57,Male,Finance,Manager,100690,12,27,4,No,Master,Single,26-07-2019
514,26,Female,IT,Engineer,55207,0,2,2,No,MBA,Divorced,28-05-2017
515,48,Female,HR,Manager,79947,3,5,1,No,PhD,Single,17-09-2017
516,26,Male,HR,Manager,46741,0,0,4,Yes,Bachelor,Married,08-09-2019
517,34,Female,HR,Engineer,117651,3,6,4,No,Bachelor,Single,06-11-2020
518,44,Male,Sales,Executive,126455,2,10,4,No,Master,Divorced,06-06-2021
519,54,Male,IT,Engineer,57288,9,13,1,No,MBA,Married,02-08-2016
520,42,Female,IT,Executive,99054,9,21,1,Yes,PhD,Married,27-07-2021
521,51,Female,HR,Manager,131551,3,8,4,No,PhD,Single,13-11-2016
522,31,Female,HR,Executive,130183,0,0,1,No,Master,Divorced,28-02-2024
523,47,Male,IT,Executive,45729,17,26,4,No,Master,Single,11-09-2016
524,37,Female,HR,Specialist,46328,3,10,4,No,Diploma,Divorced,27-02-2022
525,27,Male,Sales,Engineer,48506,1,2,1,No,Bachelor,Married,29-04-2018
526,58,Male,Sales,Analyst,141630,13,25,3,No,PhD,Divorced,28-08-2020
527,44,Female,HR,Analyst,51106,16,19,2,No,Master,Married,28-09-2020
528,48,Female,Sales,Engineer,105080,2,4,4,No,Bachelor,Divorced,15-06-2018
529,25,Female,IT,Executive,55902,0,4,1,No,PhD,Divorced,16-02-2024
530,46,Female,Sales,Specialist,119819,18,21,4,No,PhD,Divorced,17-03-2024
531,48,Male,HR,Executive,77096,1,4,3,Yes,Bachelor,Divorced,18-10-2017
532,57,Male,Sales,Specialist,79664,2,17,3,No,Bachelor,Divorced,28-09-2019
533,35,Female,HR,Engineer,54933,3,3,3,No,Bachelor,Divorced,17-10-2019
534,33,Male,R&D,Specialist,75265,9,10,4,No,PhD,Single,15-02-2023
535,58,Female,Sales,Executive,66279,9,9,1,Yes,Master,Single,27-06-2024
536,31,Male,Finance,Executive,75800,7,8,1,No,Bachelor,Divorced,26-12-2021
537,29,Male,Finance,Analyst,124995,5,8,3,No,Master,Divorced,29-11-2025
538,38,Female,HR,Specialist,55613,2,17,4,No,MBA,Married,06-02-2022
539,59,Female,HR,Executive,62706,16,35,3,No,PhD,Divorced,14-01-2015
540,22,Female,Finance,Manager,68501,1,1,2,No,MBA,Married,14-11-2018
541,44,Male,Sales,Manager,52956,8,20,3,No,Master,Divorced,07-05-2016
542,56,Male,HR,Executive,148226,2,7,2,No,MBA,Single,09-09-2025
543,41,Female,Finance,Specialist,127115,9,11,2,No,Master,Divorced,26-12-2015
544,45,Female,Finance,Executive,78279,0,0,1,No,MBA,Single,29-10-2024
545,55,Female,Finance,Analyst,137572,5,11,3,No,Diploma,Married,17-07-2015
546,33,Male,HR,Analyst,60624,4,7,1,No,Diploma,Single,03-09-2025
547,28,Female,IT,Executive,60397,0,0,1,Yes,Master,Divorced,05-03-2018
548,43,Male,Sales,Specialist,147130,2,6,3,No,Bachelor,Divorced,12-06-2022
549,28,Female,HR,Specialist,26417,1,1,1,No,PhD,Divorced,25-11-2020
550,58,Female,Finance,Manager,47213,7,31,4,No,Bachelor,Single,25-11-2023
551,54,Male,Sales,Manager,64517,7,13,2,No,Master,Married,07-06-2024
552,28,Female,IT,Executive,112946,7,7,3,No,Diploma,Divorced,26-08-2021
553,43,Female,R&D,Specialist,43421,0,5,2,No,MBA,Single,22-08-2025
554,59,Male,Sales,Executive,82641,7,31,3,No,Master,Single,22-10-2025
555,39,Female,IT,Specialist,141211,0,1,2,No,MBA,Single,23-06-2015
556,35,Male,Sales,Executive,40703,1,13,4,No,Master,Single,20-02-2017
557,53,Male,Finance,Manager,69983,0,0,3,Yes,Bachelor,Married,14-01-2019
558,46,Female,Finance,Executive,120922,12,14,2,No,Diploma,Divorced,10-02-2023
559,35,Female,IT,Specialist,93948,3,4,1,No,Master,Divorced,21-07-2016
560,45,Male,Finance,Specialist,67249,8,17,2,No,PhD,Single,31-03-2022
561,49,Female,Sales,Analyst,149803,17,21,3,No,Diploma,Single,02-08-2016
562,55,Male,HR,Manager,134981,9,13,1,No,PhD,Single,18-01-2021
563,52,Female,Finance,Manager,145896,2,17,4,Yes,MBA,Married,26-11-2020
564,44,Male,Finance,Engineer,127966,1,2,1,Yes,PhD,Married,19-02-2019
565,49,Male,IT,Engineer,83406,9,20,4,No,Diploma,Married,24-12-2016
566,47,Male,Finance,Specialist,94223,16,20,3,No,MBA,Divorced,21-08-2023
567,28,Female,IT,Specialist,68125,2,4,4,Yes,Diploma,Divorced,10-07-2015
568,53,Male,Finance,Manager,119050,13,19,2,No,Diploma,Married,07-11-2017
569,32,Male,Sales,Engineer,116734,4,5,3,Yes,Master,Single,23-02-2016
570,38,Female,HR,Engineer,143169,4,4,1,No,MBA,Married,09-09-2024
571,21,Female,HR,Manager,75713,0,0,2,No,Bachelor,Divorced,12-01-2023
572,29,Female,R&D,Engineer,93207,1,1,2,No,Master,Divorced,23-03-2023
573,47,Male,R&D,Specialist,101330,9,13,4,No,MBA,Married,22-11-2022
574,24,Male,Sales,Executive,33651,0,2,1,No,PhD,Divorced,27-06-2017
575,24,Female,HR,Analyst,109662,1,2,2,No,Diploma,Single,17-04-2017
576,38,Female,Sales,Engineer,25009,9,9,1,No,Bachelor,Divorced,03-10-2017
577,30,Female,R&D,Analyst,89999,0,1,1,No,MBA,Divorced,30-09-2025
578,29,Male,Finance,Manager,32521,0,0,2,No,MBA,Divorced,03-05-2019
579,26,Female,R&D,Specialist,128390,1,5,4,No,Master,Divorced,09-09-2016
580,33,Female,R&D,Manager,77664,1,2,2,Yes,Bachelor,Divorced,13-03-2016
581,54,Female,Sales,Executive,120619,0,1,4,No,Diploma,Married,27-05-2015
582,39,Female,Sales,Analyst,30559,0,10,3,No,MBA,Married,15-12-2022
583,52,Female,IT,Manager,107432,1,3,3,No,MBA,Married,16-06-2015
584,36,Female,Finance,Specialist,104100,0,1,1,Yes,Bachelor,Single,02-04-2021
585,51,Male,Finance,Manager,27345,0,6,1,No,Master,Married,23-02-2020
586,29,Male,Finance,Manager,105365,2,8,4,Yes,Diploma,Divorced,10-12-2020
587,35,Female,HR,Manager,56048,0,14,4,No,MBA,Single,04-12-2023
588,41,Female,R&D,Analyst,137239,7,17,3,Yes,Master,Married,16-12-2016
589,27,Female,Finance,Executive,137107,3,5,3,No,MBA,Married,06-11-2024
590,45,Female,R&D,Executive,90198,6,14,2,No,Diploma,Single,08-06-2017
591,27,Male,R&D,Analyst,73552,0,0,2,No,PhD,Divorced,14-08-2021
592,35,Female,Finance,Executive,83971,6,10,4,No,Bachelor,Divorced,11-02-2017
593,55,Female,Sales,Analyst,96177,22,23,4,No,PhD,Single,28-04-2018
594,46,Male,Finance,Manager,131061,3,3,1,No,Master,Single,03-04-2024
595,26,Male,Finance,Engineer,34372,2,2,3,No,Bachelor,Divorced,22-02-2017
596,25,Female,IT,Manager,29214,0,3,4,No,Master,Married,10-05-2024
597,35,Female,Sales,Analyst,71079,2,3,4,No,Diploma,Divorced,14-02-2017
598,49,Male,HR,Manager,29160,3,7,4,No,MBA,Divorced,11-09-2022
599,55,Male,R&D,Executive,103430,8,16,1,No,MBA,Married,18-06-2019
600,47,Female,HR,Analyst,97623,15,21,4,No,MBA,Single,03-09-2020
601,47,Female,Sales,Specialist,67705,0,0,3,No,Bachelor,Married,15-10-2024
602,29,Female,R&D,Executive,104698,0,1,1,No,Diploma,Single,25-04-2024
603,37,Female,R&D,Engineer,37231,0,0,3,No,PhD,Divorced,22-04-2023
604,49,Female,HR,Engineer,104351,9,15,1,No,Master,Married,08-12-2024
605,33,Male,Finance,Specialist,29489,1,9,3,No,Bachelor,Married,02-11-2025
606,50,Female,IT,Engineer,37758,17,21,2,No,PhD,Single,24-04-2018
607,50,Male,IT,Engineer,141239,0,0,2,No,Diploma,Single,20-09-2023
608,34,Male,IT,Analyst,146909,3,3,3,No,PhD,Single,12-06-2021
609,37,Female,Finance,Manager,89478,7,11,4,No,Bachelor,Married,26-06-2018
610,26,Male,HR,Analyst,108127,1,3,1,Yes,Master,Single,09-11-2018
611,25,Female,IT,Executive,132042,2,4,4,No,MBA,Divorced,02-09-2021
612,51,Female,IT,Specialist,96329,5,9,1,No,Bachelor,Single,02-08-2023
613,51,Female,Finance,Specialist,129888,16,27,4,No,Bachelor,Divorced,09-09-2021
614,53,Female,Sales,Analyst,32246,7,7,2,No,Master,Single,18-04-2023
615,43,Female,IT,Specialist,127302,6,20,3,No,Diploma,Divorced,18-03-2023
616,46,Female,R&D,Manager,53743,5,8,4,No,Master,Married,19-09-2018
617,48,Female,HR,Executive,112305,11,24,2,No,Bachelor,Divorced,17-06-2021
618,55,Male,Sales,Manager,33175,9,27,2,No,Diploma,Married,24-04-2024
619,33,Female,R&D,Manager,104056,1,10,3,No,Bachelor,Divorced,27-07-2020
620,27,Male,R&D,Analyst,140135,2,2,1,Yes,PhD,Single,27-12-2022
621,45,Male,Finance,Engineer,109560,0,3,2,No,MBA,Single,17-02-2017
622,37,Male,R&D,Analyst,135043,0,12,4,Yes,Master,Married,23-06-2021
623,34,Male,Finance,Analyst,114200,4,4,4,No,MBA,Married,15-11-2021
624,31,Male,Sales,Specialist,142536,0,0,1,No,Diploma,Single,23-06-2015
625,58,Male,Sales,Engineer,141780,20,33,1,No,Bachelor,Single,03-11-2021
626,50,Male,R&D,Manager,41473,1,7,3,No,MBA,Divorced,31-12-2019
627,36,Male,HR,Analyst,56253,2,3,1,Yes,PhD,Divorced,26-11-2025
628,22,Male,HR,Engineer,147555,0,1,4,No,Bachelor,Married,02-01-2018
629,49,Female,R&D,Specialist,102105,2,15,3,No,Bachelor,Divorced,21-10-2018
630,32,Male,R&D,Analyst,70275,1,3,3,No,Bachelor,Married,12-08-2015
631,58,Male,Finance,Analyst,115641,19,23,4,No,PhD,Single,24-12-2016
632,43,Male,IT,Specialist,82888,9,14,4,No,Bachelor,Divorced,02-05-2016
633,35,Female,Sales,Executive,132404,2,10,3,Yes,Bachelor,Married,25-06-2017
634,36,Female,R&D,Executive,133997,8,10,2,No,Master,Divorced,13-11-2017
635,26,Male,IT,Engineer,39662,3,5,1,Yes,Bachelor,Divorced,07-05-2020
636,25,Male,Sales,Manager,67578,1,4,3,Yes,Bachelor,Single,13-01-2024
637,24,Male,IT,Specialist,120330,1,3,2,Yes,Master,Single,29-05-2015
638,35,Female,R&D,Specialist,106366,10,12,4,No,MBA,Married,16-01-2023
639,28,Male,HR,Executive,104198,1,1,1,No,PhD,Married,08-07-2020
640,60,Female,Finance,Executive,123120,13,26,4,No,MBA,Single,06-01-2021
641,59,Female,Finance,Executive,97818,0,24,3,No,Master,Divorced,10-02-2018
642,47,Female,R&D,Analyst,33681,0,0,1,No,Master,Married,31-01-2018
643,37,Female,R&D,Engineer,47944,3,11,4,No,Diploma,Single,22-08-2024
644,21,Male,R&D,Analyst,87413,0,0,3,No,Diploma,Divorced,24-12-2018
645,57,Female,Finance,Manager,129770,1,27,4,No,PhD,Single,30-03-2025
646,36,Female,Sales,Executive,38091,6,11,3,No,Diploma,Single,27-12-2022
647,57,Female,HR,Manager,53211,2,2,2,No,Bachelor,Married,22-11-2015
648,26,Male,R&D,Specialist,122007,0,5,2,No,MBA,Divorced,01-01-2020
649,33,Female,Sales,Manager,148183,0,2,2,No,Bachelor,Single,23-05-2020
650,29,Male,R&D,Specialist,69224,6,7,4,No,PhD,Divorced,11-04-2021
651,43,Male,Sales,Specialist,141828,2,4,1,No,Diploma,Single,14-12-2021
652,52,Male,Finance,Manager,116356,16,24,3,No,Master,Divorced,08-06-2018
653,44,Female,Finance,Analyst,41754,5,9,4,No,MBA,Divorced,27-03-2016
654,60,Male,R&D,Executive,147195,6,27,2,No,Diploma,Married,12-03-2022
655,43,Male,IT,Analyst,123621,2,4,3,No,Master,Divorced,23-09-2023
656,35,Male,Sales,Manager,68218,0,5,2,No,Master,Married,13-10-2025
657,58,Female,Sales,Engineer,147436,3,3,4,No,PhD,Married,19-08-2016
658,56,Female,Finance,Executive,90383,16,17,4,No,PhD,Divorced,17-06-2020
659,45,Female,HR,Analyst,101048,0,18,2,No,Bachelor,Divorced,05-12-2024
660,36,Male,HR,Analyst,58556,4,9,4,No,Diploma,Divorced,04-10-2022
661,21,Male,Sales,Engineer,132159,0,0,2,No,Diploma,Single,09-12-2015
662,56,Male,R&D,Executive,31056,19,30,2,No,Master,Single,25-11-2016
663,33,Male,Finance,Specialist,117920,4,7,2,No,MBA,Single,19-11-2023
664,33,Male,R&D,Manager,146254,7,10,4,No,Bachelor,Single,02-04-2025
665,51,Male,R&D,Analyst,105279,5,12,1,No,MBA,Single,29-01-2018
666,37,Female,R&D,Manager,135483,1,2,2,No,Master,Divorced,11-08-2017
667,50,Female,IT,Specialist,37606,0,0,2,Yes,PhD,Married,24-08-2015
668,53,Female,R&D,Manager,72653,11,13,3,No,Diploma,Divorced,21-10-2019
669,49,Female,R&D,Engineer,124362,6,12,2,No,Bachelor,Single,08-12-2023
670,26,Female,Sales,Specialist,55202,0,0,3,No,Master,Married,28-09-2024
671,60,Male,R&D,Executive,67309,6,13,4,No,Bachelor,Married,18-11-2017
672,57,Female,Finance,Manager,46056,33,36,2,No,Bachelor,Married,31-01-2020
673,38,Female,Sales,Manager,121526,3,15,2,No,MBA,Single,16-03-2017
674,55,Female,HR,Analyst,106887,4,9,1,No,PhD,Single,07-03-2021
675,56,Male,HR,Specialist,105921,14,17,3,No,MBA,Divorced,27-12-2021
676,31,Female,IT,Specialist,31701,0,0,2,Yes,MBA,Divorced,07-12-2021
677,56,Female,Sales,Manager,54673,1,7,4,No,PhD,Married,18-07-2016
678,29,Male,R&D,Executive,88883,3,5,3,No,Master,Married,16-07-2018
679,54,Male,Sales,Analyst,81904,15,28,3,No,Diploma,Divorced,26-06-2023
680,44,Male,Finance,Engineer,43165,1,3,4,No,MBA,Married,01-05-2025
681,32,Male,R&D,Executive,44654,4,9,4,No,Master,Married,27-08-2025
682,53,Male,IT,Executive,119115,10,26,3,No,PhD,Divorced,26-08-2015
683,59,Male,Sales,Specialist,148084,0,2,1,No,PhD,Married,24-08-2020
684,56,Female,Finance,Manager,85572,0,33,3,No,Diploma,Married,09-05-2025
685,43,Male,R&D,Specialist,41318,6,13,4,Yes,Master,Divorced,12-06-2015
686,60,Female,HR,Manager,137653,8,36,3,No,Diploma,Divorced,05-10-2019
687,53,Female,R&D,Analyst,139659,10,15,4,No,PhD,Married,11-02-2021
688,33,Male,Sales,Manager,94927,6,7,2,No,Bachelor,Married,23-09-2020
689,29,Female,HR,Manager,28272,3,4,3,No,Master,Divorced,25-10-2021
690,50,Male,Finance,Manager,60086,0,0,3,No,Master,Single,19-05-2025
691,37,Female,R&D,Analyst,109545,12,12,1,No,MBA,Single,13-03-2015
692,31,Female,IT,Manager,131998,4,8,3,No,PhD,Divorced,08-10-2024
693,22,Male,IT,Executive,37171,1,1,3,No,Bachelor,Married,16-05-2020
694,35,Male,IT,Executive,134412,1,7,4,No,MBA,Single,10-12-2019
695,38,Female,IT,Engineer,94533,1,10,3,No,Diploma,Married,18-08-2021
696,39,Male,Sales,Analyst,106551,13,18,1,No,Diploma,Married,10-11-2015
697,59,Male,IT,Specialist,121096,16,34,1,Yes,MBA,Single,04-07-2016
698,39,Female,IT,Manager,65596,4,8,1,No,Master,Divorced,16-08-2025
699,60,Male,HR,Engineer,92967,12,24,2,No,Bachelor,Divorced,08-05-2019
700,45,Male,HR,Engineer,57343,0,2,1,No,MBA,Single,08-06-2018
701,41,Female,Finance,Manager,97998,0,6,4,No,MBA,Divorced,11-11-2022
702,46,Female,R&D,Specialist,146618,4,16,3,No,PhD,Single,21-03-2025
703,48,Female,Finance,Engineer,122013,12,16,3,No,Diploma,Divorced,04-07-2017
704,41,Male,HR,Manager,39674,1,4,4,No,PhD,Divorced,10-10-2020
705,56,Male,HR,Specialist,87902,6,14,1,No,PhD,Single,15-05-2016
706,39,Male,Finance,Manager,42735,0,4,4,Yes,PhD,Single,11-01-2020
707,31,Male,IT,Executive,137661,0,1,1,Yes,Diploma,Divorced,05-11-2017
708,37,Female,Finance,Executive,120045,2,3,1,Yes,Bachelor,Single,03-10-2025
709,31,Female,R&D,Specialist,82924,1,3,2,No,PhD,Single,13-01-2022
710,29,Male,IT,Engineer,116038,0,0,4,No,Bachelor,Married,08-06-2020
711,49,Female,R&D,Manager,62556,10,23,4,Yes,Master,Single,24-06-2015
712,34,Female,HR,Manager,55835,6,9,4,No,PhD,Married,16-03-2020
713,33,Male,Sales,Engineer,114453,6,8,3,No,PhD,Single,24-01-2017
714,52,Female,HR,Specialist,107739,0,2,4,No,Bachelor,Married,09-01-2017
715,25,Male,Finance,Executive,36980,1,1,2,No,PhD,Single,19-03-2024
716,23,Male,Sales,Manager,102276,0,0,3,Yes,Master,Married,25-01-2025
717,22,Male,R&D,Executive,145705,0,0,1,No,Diploma,Divorced,18-09-2015
718,46,Female,Sales,Executive,29068,1,14,2,No,Diploma,Divorced,20-02-2016
719,26,Male,HR,Specialist,99289,5,5,3,No,PhD,Divorced,28-03-2022
720,59,Male,IT,Analyst,137659,2,9,2,Yes,PhD,Single,13-09-2021
721,39,Female,HR,Engineer,94441,2,9,3,No,MBA,Married,06-06-2025
722,46,Male,IT,Analyst,40656,8,13,4,No,Bachelor,Married,19-03-2021
723,57,Female,HR,Manager,42367,9,9,1,Yes,MBA,Single,14-09-2016
724,38,Female,HR,Manager,84946,0,2,2,No,Master,Married,31-07-2021
725,52,Female,HR,Executive,95398,8,11,2,No,MBA,Divorced,03-09-2017
726,24,Male,Finance,Manager,56226,1,3,4,No,Bachelor,Married,22-11-2019
727,34,Female,R&D,Executive,105205,10,13,2,No,Master,Single,17-03-2016
728,32,Female,Sales,Engineer,81592,2,2,4,No,Diploma,Divorced,17-09-2023
729,51,Female,Finance,Executive,117641,5,14,4,Yes,MBA,Divorced,28-01-2025
730,28,Female,HR,Engineer,92407,1,1,3,Yes,MBA,Single,05-10-2022
731,29,Female,Sales,Executive,122034,1,1,3,No,Diploma,Married,28-06-2025
732,28,Male,R&D,Engineer,129730,4,4,4,Yes,Bachelor,Divorced,30-01-2023
733,50,Male,Sales,Engineer,63855,3,13,3,No,MBA,Divorced,27-02-2016
734,29,Male,R&D,Analyst,128890,3,7,4,No,Master,Married,08-10-2024
735,43,Male,IT,Engineer,64540,0,19,4,No,PhD,Married,14-07-2017
736,39,Male,Sales,Engineer,140624,2,17,2,No,PhD,Single,16-10-2016
737,38,Male,IT,Engineer,107365,5,6,2,No,MBA,Divorced,06-12-2018
738,49,Female,Finance,Engineer,36675,9,19,4,No,PhD,Divorced,24-06-2021
739,46,Male,IT,Specialist,67237,0,7,3,Yes,Diploma,Divorced,14-11-2025
740,49,Female,Sales,Analyst,107018,12,16,4,No,Bachelor,Single,13-05-2025
741,54,Female,Sales,Manager,73572,2,12,1,No,MBA,Married,03-04-2020
742,59,Male,IT,Executive,31232,6,19,2,No,MBA,Divorced,26-06-2019
743,36,Female,R&D,Specialist,41917,12,15,1,No,PhD,Single,23-11-2018
744,39,Female,R&D,Executive,84192,5,12,4,Yes,Bachelor,Divorced,17-02-2024
745,46,Female,R&D,Specialist,147124,13,16,1,No,Diploma,Divorced,08-05-2025
746,27,Female,Finance,Analyst,78727,3,6,2,No,Master,Single,05-05-2025
747,43,Male,Sales,Executive,72428,1,20,3,No,MBA,Divorced,14-07-2025
748,26,Male,R&D,Manager,77214,0,2,2,No,Diploma,Divorced,05-12-2021
749,28,Female,Sales,Executive,77152,0,5,3,No,Bachelor,Single,28-12-2018
750,31,Male,HR,Manager,33616,3,10,4,No,MBA,Single,04-01-2021
751,36,Male,IT,Analyst,70708,4,8,4,No,Bachelor,Single,10-11-2024
752,40,Female,HR,Analyst,142103,8,18,2,No,PhD,Married,19-03-2020
753,45,Male,HR,Specialist,97253,0,18,2,No,MBA,Single,16-07-2015
754,33,Female,IT,Specialist,77687,4,7,3,No,Bachelor,Divorced,16-03-2022
755,56,Female,Finance,Manager,137960,3,4,4,Yes,MBA,Single,17-10-2018
756,57,Female,Finance,Executive,42884,0,0,3,No,Master,Divorced,28-04-2023
757,52,Male,Finance,Engineer,135105,1,10,3,Yes,Bachelor,Divorced,16-12-2015
758,31,Male,Sales,Engineer,124756,6,9,4,Yes,PhD,Divorced,29-04-2017
759,51,Female,IT,Engineer,127700,9,17,3,No,MBA,Married,11-02-2023
760,29,Female,R&D,Executive,147740,2,3,3,No,Diploma,Married,12-11-2023
761,49,Male,Sales,Specialist,125987,9,15,3,No,Master,Divorced,18-09-2016
762,58,Female,Finance,Specialist,59367,2,11,3,No,Diploma,Single,22-06-2022
763,42,Female,HR,Engineer,70307,7,9,2,Yes,Bachelor,Single,23-07-2019
764,30,Male,HR,Specialist,94268,3,9,3,No,Bachelor,Divorced,24-06-2019
765,41,Male,R&D,Specialist,52601,2,2,2,No,Master,Married,15-11-2018
766,57,Male,IT,Manager,83468,3,5,4,Yes,Bachelor,Single,09-01-2025
767,52,Male,IT,Specialist,84235,0,1,2,No,Diploma,Single,22-04-2019
768,40,Female,IT,Engineer,68046,1,8,2,No,MBA,Divorced,15-05-2015
769,25,Female,Finance,Manager,149566,0,1,2,No,Bachelor,Married,09-06-2025
770,58,Female,Sales,Manager,119110,15,33,1,Yes,Master,Married,27-09-2017
771,57,Male,Sales,Executive,100555,3,4,1,No,Bachelor,Single,30-03-2015
772,44,Female,IT,Manager,74066,18,23,2,No,MBA,Single,16-12-2023
773,58,Female,Finance,Manager,55211,24,28,4,No,PhD,Divorced,07-02-2015
774,25,Male,R&D,Manager,63652,3,4,1,No,PhD,Divorced,29-03-2021
775,25,Male,IT,Analyst,139543,1,1,1,Yes,Master,Married,12-07-2016
776,23,Male,R&D,Executive,118283,0,2,4,No,MBA,Divorced,30-07-2023
777,35,Female,Sales,Specialist,119976,1,1,4,Yes,MBA,Married,23-04-2015
778,34,Female,HR,Executive,99893,3,10,3,No,PhD,Divorced,16-08-2023
779,39,Female,R&D,Manager,107650,6,11,2,Yes,Diploma,Married,17-08-2020
780,58,Female,IT,Analyst,68580,1,33,4,No,Bachelor,Single,22-10-2019
781,49,Female,HR,Manager,26750,0,13,2,No,Bachelor,Single,02-03-2017
782,21,Female,Sales,Executive,74004,0,0,1,No,Bachelor,Divorced,16-07-2023
783,60,Male,Sales,Analyst,33924,8,26,2,No,Master,Married,31-05-2015
784,23,Female,R&D,Analyst,79321,1,1,2,No,MBA,Divorced,26-07-2023
785,55,Male,Sales,Analyst,134378,15,20,3,No,PhD,Divorced,28-09-2019
786,51,Female,Sales,Engineer,32974,3,7,1,No,Master,Single,16-06-2015
787,24,Male,Sales,Specialist,47804,2,3,1,No,Master,Divorced,18-01-2021
788,21,Male,HR,Engineer,136185,0,0,1,No,MBA,Married,28-03-2016
789,43,Female,IT,Engineer,149279,0,2,2,No,Bachelor,Single,29-01-2023
790,23,Female,IT,Engineer,100503,0,0,3,No,MBA,Married,05-07-2019
791,38,Male,HR,Engineer,145836,3,3,3,No,MBA,Married,14-09-2017
792,27,Male,HR,Analyst,125336,5,6,2,No,MBA,Single,03-09-2018
793,57,Male,HR,Executive,90347,8,17,3,No,Master,Divorced,29-04-2025
794,41,Female,Finance,Engineer,105763,5,19,3,No,PhD,Divorced,17-12-2020
795,43,Male,Sales,Manager,94090,1,10,4,No,Master,Single,06-01-2016
796,41,Male,Sales,Engineer,96758,2,3,4,No,Master,Single,23-01-2017
797,54,Male,IT,Specialist,126777,16,17,1,No,Diploma,Single,14-02-2015
798,54,Male,R&D,Engineer,99386,4,4,4,No,Master,Single,25-05-2023
799,48,Male,R&D,Engineer,137910,6,21,1,No,MBA,Divorced,30-04-2015
800,50,Male,IT,Specialist,70949,1,3,3,Yes,MBA,Married,27-07-2024
801,32,Male,HR,Engineer,64291,2,7,3,No,Bachelor,Married,13-06-2015
802,54,Female,Finance,Manager,55406,3,5,4,No,MBA,Married,03-02-2015
803,50,Male,Sales,Engineer,41569,9,26,3,No,Diploma,Single,10-06-2025
804,37,Male,IT,Manager,65056,7,13,4,No,Master,Divorced,04-12-2018
805,31,Female,R&D,Executive,30351,5,7,4,No,MBA,Divorced,12-09-2024
806,56,Male,Sales,Manager,61466,1,7,1,No,Master,Divorced,09-04-2020
807,22,Male,IT,Specialist,61128,0,0,2,Yes,Master,Divorced,25-06-2023
808,40,Female,R&D,Manager,90177,0,8,3,No,MBA,Single,08-07-2019
809,27,Male,R&D,Specialist,106957,1,3,2,No,MBA,Single,07-01-2020
810,50,Male,R&D,Executive,98454,4,5,4,No,Master,Divorced,24-05-2019
811,22,Male,HR,Engineer,141984,0,0,2,No,Diploma,Married,13-03-2020
812,48,Female,IT,Engineer,53998,13,20,1,Yes,Bachelor,Single,23-01-2020
813,53,Female,Sales,Analyst,51329,7,23,4,No,Diploma,Single,23-05-2015
814,59,Female,IT,Engineer,122996,20,35,4,Yes,PhD,Divorced,29-04-2025
815,48,Female,R&D,Analyst,89485,2,20,2,No,Master,Divorced,11-01-2023
816,41,Female,HR,Executive,140873,0,13,1,No,Master,Single,22-10-2021
817,36,Male,HR,Executive,113723,8,9,1,Yes,Diploma,Single,21-11-2021
818,25,Male,R&D,Executive,120742,1,2,2,No,PhD,Divorced,03-03-2021
819,35,Female,HR,Manager,98526,3,4,2,No,MBA,Single,03-01-2021
820,31,Female,IT,Manager,92627,2,2,2,No,Diploma,Divorced,04-07-2020
821,49,Female,Sales,Analyst,105382,8,27,4,No,PhD,Married,21-02-2022
822,36,Female,Sales,Analyst,46307,2,9,4,No,Master,Divorced,05-12-2024
823,60,Male,Finance,Executive,41832,1,4,1,Yes,Diploma,Divorced,10-06-2016
824,24,Female,IT,Executive,56644,0,0,3,No,Bachelor,Single,05-04-2018
825,38,Female,R&D,Analyst,104132,4,9,3,No,Diploma,Single,19-07-2025
826,57,Female,Sales,Specialist,143366,21,27,1,Yes,MBA,Divorced,15-11-2025
827,25,Female,Finance,Analyst,65262,0,1,3,No,MBA,Divorced,09-04-2020
828,21,Male,R&D,Analyst,29060,0,0,2,No,MBA,Married,26-09-2025
829,35,Female,Sales,Manager,118011,1,3,4,No,Master,Divorced,23-02-2022
830,53,Female,Sales,Manager,41261,4,7,1,No,MBA,Single,23-08-2020
831,23,Male,Sales,Executive,144452,0,1,1,No,PhD,Single,30-05-2019
832,52,Female,HR,Executive,54810,4,14,1,Yes,Diploma,Single,17-01-2015
833,59,Male,HR,Specialist,28363,18,25,1,Yes,PhD,Married,28-11-2019
834,34,Female,IT,Engineer,79767,7,12,2,No,PhD,Married,10-01-2017
835,27,Male,Sales,Engineer,113591,2,2,2,Yes,PhD,Married,11-03-2016
836,27,Male,Sales,Executive,101604,2,2,4,Yes,Diploma,Married,18-07-2024
837,53,Male,Finance,Manager,74991,5,22,2,No,MBA,Married,29-07-2019
838,53,Female,HR,Analyst,133140,24,30,2,No,Master,Married,01-05-2024
839,52,Female,IT,Executive,119092,2,27,2,No,Master,Married,09-11-2020
840,60,Female,HR,Executive,30075,8,32,2,Yes,Master,Married,22-02-2016
841,58,Female,HR,Manager,107842,0,3,1,No,PhD,Single,31-12-2018
842,26,Female,IT,Manager,91678,0,0,4,No,Master,Married,07-05-2018
843,52,Male,Finance,Executive,100712,11,20,2,No,Master,Divorced,02-03-2017
844,45,Female,IT,Specialist,56872,1,1,4,No,MBA,Single,18-01-2015
845,35,Male,HR,Executive,112597,5,5,1,No,Diploma,Married,24-10-2019
846,37,Male,Finance,Manager,72991,2,13,4,No,PhD,Married,02-07-2019
847,25,Male,HR,Manager,74925,0,1,4,No,MBA,Single,06-07-2016
848,57,Male,R&D,Specialist,87290,4,5,2,No,Bachelor,Single,15-05-2022
849,55,Male,Finance,Engineer,103248,6,24,1,No,MBA,Divorced,28-01-2015
850,31,Female,IT,Specialist,131750,3,4,3,No,PhD,Single,07-06-2023
851,51,Male,Finance,Manager,93705,4,11,3,No,PhD,Single,16-12-2022
852,54,Female,IT,Specialist,45218,3,18,1,No,Diploma,Married,11-11-2024
853,55,Male,R&D,Executive,76107,1,5,3,No,MBA,Divorced,21-02-2019
854,23,Male,Sales,Manager,92429,1,2,2,No,Diploma,Single,29-08-2021
855,31,Female,Finance,Executive,82484,0,0,2,No,Master,Divorced,24-12-2020
856,43,Female,HR,Specialist,117531,5,10,1,No,Bachelor,Divorced,17-03-2020
857,52,Female,R&D,Executive,64784,10,12,2,No,Bachelor,Single,22-07-2018
858,47,Male,Sales,Manager,108935,6,8,3,No,Bachelor,Divorced,03-11-2018
859,47,Male,Sales,Specialist,62894,1,1,1,No,Bachelor,Single,19-11-2016
860,51,Male,R&D,Analyst,71562,1,4,1,No,Master,Married,30-05-2015
861,47,Female,Sales,Specialist,115278,1,10,4,No,MBA,Married,22-08-2015
862,43,Female,Sales,Manager,68598,0,15,4,No,Diploma,Divorced,26-05-2025
863,47,Female,Sales,Engineer,28172,3,3,1,No,Bachelor,Divorced,08-07-2023
864,28,Female,Finance,Executive,89117,0,0,4,No,Master,Single,25-04-2023
865,23,Female,R&D,Manager,47821,1,1,3,No,Diploma,Divorced,25-05-2017
866,60,Male,HR,Analyst,146551,11,24,3,Yes,Diploma,Married,29-06-2021
867,43,Male,R&D,Manager,140493,3,5,1,No,PhD,Single,29-07-2019
868,31,Female,IT,Executive,92698,3,6,3,Yes,MBA,Divorced,19-04-2016
869,60,Male,Finance,Manager,55390,8,18,4,No,MBA,Divorced,25-05-2021
870,32,Female,Finance,Specialist,49978,2,6,1,No,Bachelor,Divorced,13-03-2021
871,48,Male,R&D,Engineer,70398,2,3,1,No,PhD,Single,04-08-2019
872,40,Female,IT,Manager,64927,6,16,2,No,PhD,Married,31-01-2016
873,56,Male,R&D,Manager,86527,4,17,4,No,Diploma,Single,21-01-2024
874,44,Male,Sales,Specialist,45778,8,8,1,No,Master,Divorced,27-07-2023
875,30,Male,R&D,Manager,84172,0,8,1,Yes,PhD,Married,09-01-2019
876,44,Female,Finance,Engineer,93812,16,20,3,No,PhD,Single,01-10-2017
877,22,Female,Sales,Manager,136007,1,1,1,No,MBA,Single,18-03-2016
878,35,Male,HR,Analyst,110766,4,8,2,No,PhD,Married,28-07-2020
879,26,Female,R&D,Engineer,128035,4,4,3,No,Master,Divorced,28-05-2019
880,27,Male,Finance,Specialist,31967,1,1,1,Yes,Bachelor,Divorced,25-01-2016
881,59,Male,R&D,Analyst,64121,29,36,4,No,Master,Single,21-05-2017
882,30,Female,R&D,Manager,60830,2,6,3,No,Master,Married,17-07-2015
883,42,Male,Sales,Executive,129372,0,2,4,Yes,Master,Single,20-10-2025
884,43,Female,R&D,Specialist,148335,5,15,3,No,MBA,Divorced,19-11-2024
885,27,Female,IT,Specialist,59972,0,5,4,No,Bachelor,Single,28-06-2024
886,59,Male,Sales,Engineer,25236,10,14,2,No,MBA,Single,17-10-2018
887,43,Female,Sales,Manager,36992,8,17,2,No,PhD,Married,21-01-2019
888,59,Male,Finance,Manager,52186,5,15,1,No,MBA,Single,12-04-2017
889,52,Female,IT,Specialist,73608,1,5,4,Yes,MBA,Single,10-11-2022
890,36,Female,Finance,Specialist,47191,15,15,3,No,Master,Married,23-10-2021
891,30,Male,HR,Executive,30019,1,9,1,No,PhD,Divorced,17-05-2023
892,43,Male,IT,Manager,132904,15,22,2,No,MBA,Single,04-01-2023
893,59,Female,R&D,Specialist,76654,1,4,4,No,Diploma,Single,17-01-2017
894,26,Male,Sales,Manager,29463,0,1,2,No,Master,Married,08-04-2015
895,52,Male,Finance,Executive,122152,10,10,2,No,Bachelor,Married,29-03-2022
896,53,Male,R&D,Engineer,82815,2,3,3,No,Master,Married,14-02-2018
897,40,Male,Finance,Specialist,112869,0,3,1,No,Bachelor,Single,30-05-2025
898,33,Male,Finance,Specialist,87758,4,5,2,No,MBA,Divorced,31-12-2022
899,45,Male,IT,Manager,79276,8,20,3,No,MBA,Divorced,21-09-2021
900,40,Female,Finance,Executive,141237,2,9,2,No,Bachelor,Married,29-07-2020
901,30,Female,Sales,Engineer,109047,3,3,4,Yes,Bachelor,Married,14-08-2017
902,51,Male,Finance,Executive,75299,3,13,1,Yes,MBA,Single,05-11-2022
903,54,Male,R&D,Executive,64605,0,15,2,No,Master,Single,19-07-2025
904,30,Male,IT,Executive,92820,1,1,3,No,MBA,Divorced,25-05-2015
905,46,Female,IT,Specialist,131524,7,17,3,No,MBA,Single,27-12-2024
906,25,Female,Finance,Manager,100161,0,1,2,No,PhD,Married,16-09-2021
907,56,Male,HR,Specialist,73690,24,31,3,Yes,Bachelor,Single,13-11-2021
908,40,Male,IT,Analyst,122439,0,1,2,Yes,Diploma,Divorced,08-10-2015
909,52,Male,HR,Manager,126453,1,1,4,No,PhD,Divorced,11-07-2022
910,48,Female,R&D,Specialist,116023,4,4,3,No,Bachelor,Single,08-05-2023
911,36,Male,Finance,Engineer,121870,9,9,4,No,Diploma,Single,30-07-2017
912,59,Male,IT,Manager,115845,0,2,1,No,Bachelor,Married,01-06-2017
913,35,Male,R&D,Executive,53452,1,1,3,No,Bachelor,Married,22-10-2019
914,60,Male,HR,Manager,69033,4,4,3,No,MBA,Divorced,06-01-2017
915,45,Male,IT,Executive,121244,1,1,4,No,Bachelor,Single,17-07-2016
916,29,Male,HR,Manager,75939,0,0,4,No,Diploma,Divorced,30-10-2024
917,44,Male,Sales,Specialist,147266,12,23,2,Yes,Bachelor,Divorced,08-04-2018
918,44,Male,Finance,Executive,87746,1,13,2,No,Master,Single,20-11-2015
919,21,Male,HR,Manager,105853,0,0,4,No,MBA,Single,01-10-2018
920,49,Female,Finance,Specialist,111879,1,6,4,No,MBA,Divorced,23-04-2021
921,21,Female,Sales,Engineer,52731,0,0,2,Yes,Bachelor,Married,12-11-2017
922,52,Female,Finance,Executive,89554,3,4,3,No,PhD,Divorced,19-05-2018
923,55,Male,IT,Specialist,107265,3,26,4,No,Diploma,Divorced,17-06-2018
924,40,Male,IT,Specialist,142159,0,3,4,No,Master,Single,04-07-2016
925,26,Female,IT,Engineer,59568,5,5,4,Yes,Diploma,Married,12-04-2018
926,57,Female,R&D,Executive,61186,9,11,3,No,PhD,Divorced,20-11-2025
927,27,Male,Finance,Executive,131321,3,5,3,No,Bachelor,Divorced,08-01-2025
928,50,Male,R&D,Specialist,40438,24,25,1,Yes,PhD,Single,15-10-2016
929,38,Male,IT,Specialist,137041,9,16,4,No,Diploma,Divorced,19-05-2020
930,32,Female,Sales,Engineer,77871,0,5,1,No,Diploma,Single,24-11-2019
931,57,Female,Finance,Executive,77418,17,22,3,Yes,Bachelor,Divorced,06-04-2015
932,48,Male,Sales,Analyst,143792,8,10,2,No,MBA,Single,04-05-2017
933,38,Male,Finance,Specialist,122480,5,14,1,No,Master,Single,02-07-2024
934,50,Male,R&D,Executive,44999,12,25,4,No,MBA,Single,03-05-2021
935,35,Male,HR,Engineer,68529,0,13,2,No,Diploma,Married,25-03-2021
936,52,Male,HR,Specialist,79425,11,14,3,No,PhD,Single,21-11-2021
937,52,Male,Sales,Executive,93261,12,12,1,No,Master,Single,03-08-2023
938,24,Female,R&D,Executive,61395,2,3,1,No,PhD,Divorced,05-12-2021
939,51,Male,HR,Manager,75246,2,28,4,No,PhD,Married,26-11-2024
940,25,Male,HR,Specialist,70855,2,3,1,No,Bachelor,Married,12-09-2018
941,30,Male,Finance,Manager,87923,6,9,3,Yes,Master,Divorced,23-04-2018
942,38,Female,Sales,Analyst,106100,0,14,2,Yes,Bachelor,Divorced,09-01-2022
943,28,Male,HR,Manager,123450,1,1,3,No,Bachelor,Single,20-01-2020
944,55,Male,HR,Specialist,123223,15,25,3,Yes,PhD,Single,26-05-2016
945,51,Male,R&D,Executive,148129,1,1,3,No,Master,Married,18-09-2020
946,41,Female,Finance,Manager,109999,7,20,1,Yes,Bachelor,Divorced,15-06-2019
947,46,Male,Sales,Specialist,134362,1,15,1,No,MBA,Married,20-01-2021
948,24,Female,Finance,Analyst,61097,1,1,4,No,Bachelor,Single,14-02-2021
949,37,Female,Sales,Manager,139344,0,13,4,No,PhD,Divorced,13-11-2020
950,29,Female,HR,Engineer,121061,1,3,1,No,MBA,Divorced,03-06-2017
951,23,Female,Finance,Engineer,70644,0,2,4,No,Diploma,Single,24-07-2018
952,41,Female,IT,Executive,56631,5,5,3,No,Master,Married,19-08-2024
953,58,Male,IT,Specialist,131389,2,12,2,No,Master,Single,20-08-2019
954,26,Female,Finance,Analyst,145055,4,4,3,No,Bachelor,Single,25-01-2025
955,49,Male,IT,Executive,101382,9,10,3,No,PhD,Divorced,17-06-2016
956,26,Male,HR,Engineer,107198,0,0,1,No,PhD,Married,12-04-2016
957,51,Female,IT,Specialist,52632,0,17,2,Yes,PhD,Married,25-09-2022
958,48,Female,Finance,Manager,60061,6,13,3,No,Diploma,Divorced,21-07-2015
959,46,Female,Sales,Specialist,31572,11,16,3,No,Bachelor,Divorced,23-06-2021
960,31,Female,IT,Engineer,37464,1,1,3,No,Master,Single,26-02-2017
961,35,Female,Sales,Engineer,43403,2,4,2,Yes,MBA,Divorced,11-07-2020
962,23,Male,HR,Engineer,136984,0,0,1,No,Diploma,Married,18-07-2018
963,46,Female,Sales,Specialist,130999,6,11,2,No,Bachelor,Married,21-04-2025
964,38,Female,Finance,Analyst,112589,4,11,3,No,Master,Married,11-05-2020
965,54,Female,HR,Analyst,59354,12,20,2,No,Master,Single,19-03-2018
966,41,Male,Sales,Manager,53796,1,2,4,Yes,Master,Married,29-05-2022
967,41,Female,Finance,Engineer,141024,5,14,2,No,PhD,Married,13-08-2019
968,41,Female,Sales,Analyst,39382,8,15,1,No,MBA,Divorced,12-11-2022
969,45,Female,R&D,Manager,95981,14,20,3,No,Diploma,Married,28-05-2023
970,42,Male,Finance,Executive,54145,0,12,3,No,Diploma,Divorced,06-10-2024
971,58,Male,Sales,Manager,35183,2,4,1,No,Bachelor,Married,09-04-2019
972,40,Female,Finance,Analyst,93202,0,0,2,No,Diploma,Divorced,26-08-2022
973,60,Female,Finance,Analyst,79169,7,27,4,No,MBA,Single,22-09-2023
974,36,Female,HR,Specialist,56944,6,13,3,No,Bachelor,Divorced,04-06-2016
975,44,Male,Sales,Engineer,122819,10,14,3,No,Diploma,Single,31-12-2017
976,44,Male,Sales,Manager,85189,0,1,1,No,Diploma,Single,22-10-2024
977,30,Male,HR,Specialist,138083,7,8,1,No,PhD,Single,28-11-2016
978,38,Male,IT,Executive,114204,1,4,3,No,Bachelor,Divorced,14-04-2019
979,57,Female,HR,Executive,75395,21,21,4,Yes,MBA,Married,20-02-2022
980,50,Male,Sales,Engineer,128338,2,10,3,Yes,Master,Divorced,07-04-2019
981,23,Male,Finance,Manager,88550,2,2,2,No,PhD,Divorced,07-11-2017
982,57,Female,Finance,Engineer,26419,22,24,3,Yes,Master,Divorced,13-03-2020
983,40,Female,HR,Specialist,138653,9,10,4,No,MBA,Single,23-08-2019
984,46,Male,Sales,Executive,104221,1,19,1,No,Bachelor,Divorced,20-06-2020
985,54,Female,HR,Analyst,104682,13,14,3,No,Diploma,Divorced,12-09-2022
986,25,Male,R&D,Specialist,81987,1,4,2,No,PhD,Single,14-10-2020
987,28,Female,IT,Analyst,53508,4,5,2,No,Master,Single,28-03-2016
988,50,Female,Sales,Specialist,122813,13,17,2,No,Bachelor,Married,14-09-2020
989,50,Male,HR,Engineer,136541,12,27,4,No,Diploma,Single,26-07-2019
990,30,Female,IT,Executive,92267,5,8,2,No,Diploma,Single,10-05-2017
991,57,Female,IT,Manager,147962,6,23,3,No,Bachelor,Divorced,05-08-2018
992,37,Female,HR,Executive,36891,5,5,2,No,MBA,Single,17-03-2016
993,32,Male,R&D,Engineer,90412,4,6,2,Yes,Master,Divorced,30-04-2024
994,45,Female,R&D,Analyst,124859,0,5,3,No,Bachelor,Single,29-02-2016
995,57,Male,HR,Specialist,124713,18,33,4,No,Master,Divorced,14-09-2018
996,59,Male,HR,Analyst,139337,1,19,1,No,MBA,Divorced,03-11-2019
997,42,Female,HR,Manager,51696,1,3,1,No,MBA,Single,21-01-2024
998,37,Female,HR,Specialist,94758,9,15,3,No,PhD,Married,15-12-2020
999,60,Male,HR,Executive,142980,20,36,4,No,PhD,Divorced,12-01-2016
1000,57,Male,HR,Manager,62608,16,16,3,No,Diploma,Divorced,07-04-2019
